{"_wandb":{"runtime":19},"loss":0.11456429213285446,"acc":0.9599999785423279,"_step":11,"_runtime":19.5159414,"trainer/global_step":129,"val_acc":0.949999988079071,"val_loss":0.1713312715291977,"epoch":9,"_timestamp":1.7513794249296918e+09}