{"_step":11,"_timestamp":1.7513799664730027e+09,"acc":0.9599999785423279,"val_acc":0.949999988079071,"_wandb":{"runtime":16},"_runtime":15.990961800000001,"val_loss":0.18459893763065338,"epoch":9,"loss":0.11335828900337219,"trainer/global_step":129}