{"_step":7,"_wandb":{"runtime":0},"acc":0.7556792763444208,"loss":0.18023773312807673,"_timestamp":1.7513791648676093e+09,"_runtime":0.9462344}